"Simulation","True_K","Estimated_K","N_Specimens","Euclidean_Accuracy","Mahalanobis_Accuracy","Silhouette_Score","PC1_Variance","PC2_Variance"
"SIM1",3,3,75,1,1,0.773012291089934,98.324,0.969
"SIM2",3,1,60,0.65,0.716666666666667,NA,85.226,6.175
"SIM3",1,1,60,0.416666666666667,0.333333333333333,NA,71.191,11.975
"SIM4",1,1,75,0.346666666666667,0.52,NA,82.093,6.294
"SIM5",1,1,60,0.366666666666667,0.366666666666667,NA,75.251,10.021
