"","Species_A","Species_B","Species_C"
"Species_A",0,0.562519900644504,0.63800753976876
"Species_B",0.562519900644504,0,0.569698526090189
"Species_C",0.63800753976876,0.569698526090189,0
